Entertainment,00000000000000000000000000000000000100000000000000000000000000000000000000000,imagine,35,1456912561
Food,00000000000000000000000000000000100000000000000000000000000000000000000000000,hungry,15,1457091227
Family,00000000000000010000000000000000000000000000000000000000000000000000000000000,cuddle,17,1456770392
Fashion,00000000000000000000000000000010000000000000000000000000000000000000000000000,lashes,26,1456775006
Whether&Season,00000000000100000000000000000000000000000000000000000000000000000000000000000,raining,12,1456806290
Animal,00000000000000000000000000100000000000000000000000000000000000000000000000000,creatures,12,1456790646
Animal,00000000000000000000000000000000000000010000000000000000000000000000000000000,reeftank,22,1456798560
Social&People,00000000000000000000000000000000000001000000000000000000000000000000000000000,dude,18,1456813317
Fashion,00000000000000000000000000000000000000000000000000000100000000000000000000000,whatiwore,7,1456799610
Travel&Active&Sports,00000000000000000000000000000000000000000000000000001000000000000000000000000,bases,5,1456793927
Whether&Season,00000000000100000000000000000000000000000000000000000000000000000000000000000,raining,7,1456805609
Fashion,00000000000000100000000000000000000000000000000000000000000000000000000000000,gems,19,1456887680
Fashion,00000000000000100000000000000000000000000000000000000000000000000000000000000,crystals,17,1456935905
Travel&Active&Sports,00000100000000000000000000000000000000000000000000000000000000000000000000000,bars,3,1456855413
Fashion,00000000000000000000000000000000000000000000100000000000000000000000000000000,inked,55,1456900402
Travel&Active&Sports,00000000000000000000000000000000000000000000000000000001000000000000000000000,grind,10,1456919713
Fashion,00000000000000100000000000000000000000000000000000000000000000000000000000000,crystals,17,1456935758
Fashion,00000000001000000000000000000000000000000000000000000000000000000000000000000,hairdo,44,1456893898
Entertainment,00000000000000000000000000000000000100000000000000000000000000000000000000000,read,15,1456919152
Entertainment,00000000000000000000000000000000000100000000000000000000000000000000000000000,reader,9,1456889862
Fashion,00000000000000100000000000000000000000000000000000000000000000000000000000000,gems,28,1457017807
Entertainment,00000000000000000000000000000000000100000000000000000000000000000000000000000,read,14,1456990354
Animal,00000000000000000000000000000000000000000000000000000010000000000000000000000,hound,50,1456963257
Food,00000000000000000000000000000000000000000000000000000000000000000010000000000,teacup,9,1456914695
Electronics,00000000000000000000000000000000000000000000000010000000000000000000000000000,gadgets,5,1457014512
Electronics,00000000000000000000000000000000000000000000000010000000000000000000000000000,electronics,14,1457015586
Entertainment,00000000000000000000000000000000000100000000000000000000000000000000000000000,imagine,56,1456995973
Fashion,00000000000000000000000000000000000000000000000000000000000000000001000000000,bracelets,19,1457055576
Travel&Active&Sports,00000000000000000000000000000000000000000000000000110000000000000000000000000,diet,48,1456948679
Food,00000000000000000000000000000000000000000010000000000000000000000000000000000,caffeine,28,1456792321
Travel&Active&Sports,00000000000000000000000010000000000000000000000000000000000000000000000000000,travelgram,52,1457086955
Travel&Active&Sports,00000000000000000000000000000000000000000000000000110000000000000000000000000,determination,10,1457071152
Food,00001000000000000000000000000000000000000000000000000000000000000000000000000,cocktails,7,1457082019
Food,00000000000000000000000000000000100000000000000000000000000000000000000000000,foods,5,1457163044
Animal,00000000000000000000000000100000000000000000000000000000000000000000000000000,naturelover,7,1457134770
Fashion,00000000000000000000000000000010000000000000000000000000000000000000000000000,gloss,40,1457137184
Animal,00000000000000000000000000000000000000010000000000000000000000000000000000000,saltwater,13,1457150466
Fashion,00000000000000100000000000000000000000000000000000000000000000000000000000000,bling,23,1457083465
Food,00000000000000000000000000000000100000000000000000000000000000000000000000000,desserts,9,1457166190
Holiday&Celebrations,00000000000000000000000000000100000000000000000000000000000000000000000000000,treat,50,1457162922
Family,00000000000000010000000000000000000000000000000000000000000000000000000000000,cuddle,6,1457182994
Entertainment,00000010000000000000000000000000000000000000000000000000000000000000000000000,repeat,12,1457200232
Entertainment,00000010000000000000000000000000000000000000000000000000000000000000000000000,dubstep,7,1457166965
Holiday&Celebrations,00000001000000000000000000000000000000000000000000000000000000000000000000000,funtimes,7,1457197506
Fashion,00000000000000000000000000000010000000000000000000000000000000000000000000000,eyeshadow,29,1457236966
Food,00000000000000000000000000000000100000000000000000000000000000000000000000000,foods,5,1457244750
Urban,00000000000000000000100000000000000000000000000000000000000000000000000000000,lookingup,31,1457251814
Whether&Season,00000000000100000000000000000000000000000000000000000000000000000000000000000,puddle,6,1457162034
Whether&Season,00000000000000000010000000000000000000000000000000000000000000000000000000000,sunrays,10,1456986854
Holiday&Celebrations,00000000000000000000000000000100000000000000000000000000000000000000000000000,treat,7,1457194319
Fashion,00000000000000000000000000000010000000000000000000000000000000000000000000000,glitter,4,1457248658
